{
  "hash": "7174afb4",
  "configHash": "1c658685",
  "lockfileHash": "d113902f",
  "browserHash": "76fb2af3",
  "optimized": {
    "@angular/common": {
      "src": "../../../../../node_modules/@angular/common/fesm2022/common.mjs",
      "file": "@angular_common.js",
      "fileHash": "c37ed8a2",
      "needsInterop": false
    },
    "@angular/common/http": {
      "src": "../../../../../node_modules/@angular/common/fesm2022/http.mjs",
      "file": "@angular_common_http.js",
      "fileHash": "09a94c9d",
      "needsInterop": false
    },
    "@angular/core": {
      "src": "../../../../../node_modules/@angular/core/fesm2022/core.mjs",
      "file": "@angular_core.js",
      "fileHash": "f63f4797",
      "needsInterop": false
    },
    "@angular/forms": {
      "src": "../../../../../node_modules/@angular/forms/fesm2022/forms.mjs",
      "file": "@angular_forms.js",
      "fileHash": "56872c24",
      "needsInterop": false
    },
    "@angular/platform-browser": {
      "src": "../../../../../node_modules/@angular/platform-browser/fesm2022/platform-browser.mjs",
      "file": "@angular_platform-browser.js",
      "fileHash": "3fb56179",
      "needsInterop": false
    },
    "@angular/router": {
      "src": "../../../../../node_modules/@angular/router/fesm2022/router.mjs",
      "file": "@angular_router.js",
      "fileHash": "3ffc107f",
      "needsInterop": false
    },
    "rxjs": {
      "src": "../../../../../node_modules/rxjs/dist/esm5/index.js",
      "file": "rxjs.js",
      "fileHash": "58d5ed84",
      "needsInterop": false
    },
    "@ng-bootstrap/ng-bootstrap": {
      "src": "../../../../../node_modules/@ng-bootstrap/ng-bootstrap/fesm2022/ng-bootstrap.mjs",
      "file": "@ng-bootstrap_ng-bootstrap.js",
      "fileHash": "3583d868",
      "needsInterop": false
    },
    "buffer": {
      "src": "../../../../../node_modules/buffer/index.js",
      "file": "buffer.js",
      "fileHash": "165f09b3",
      "needsInterop": true
    }
  },
  "chunks": {
    "chunk-BKD2VQE5": {
      "file": "chunk-BKD2VQE5.js"
    },
    "chunk-6YWCMIHN": {
      "file": "chunk-6YWCMIHN.js"
    },
    "chunk-LF7SBAHT": {
      "file": "chunk-LF7SBAHT.js"
    },
    "chunk-BOW7SEHV": {
      "file": "chunk-BOW7SEHV.js"
    },
    "chunk-PCXKTJVE": {
      "file": "chunk-PCXKTJVE.js"
    },
    "chunk-WSA2QMXP": {
      "file": "chunk-WSA2QMXP.js"
    },
    "chunk-WKYGNSYM": {
      "file": "chunk-WKYGNSYM.js"
    }
  }
}